drug_id,price
0_test,8.754014
1_test,6.396535
2_test,17.512388
3_test,49.318226
4_test,142.1996
5_test,19.038614
6_test,16.04019
7_test,109.40153
8_test,80.00508
9_test,9.526888
10_test,4.154049
11_test,20.50917
12_test,15.094691
13_test,8.31283
14_test,20.371195
15_test,295.28662
16_test,9.746203
17_test,6.471837
18_test,6.479947
19_test,16.01926
20_test,37.424736
21_test,5.608058
22_test,29.65611
23_test,6.266062
24_test,7.1780505
25_test,7.7984805
26_test,6.164089
27_test,7.435486
28_test,22.403881
29_test,5.475157
30_test,8.160275
31_test,7.646816
32_test,3.8422356
33_test,8.405345
34_test,8.221545
35_test,7.6767216
36_test,39.51556
37_test,10.643178
38_test,9.072749
39_test,176.21251
40_test,9.297793
41_test,20.294365
42_test,16.04019
43_test,6.9828715
44_test,10.783563
45_test,8.56697
46_test,6.0076246
47_test,10.987905
48_test,21.29838
49_test,11.769149
50_test,8.976978
51_test,8.640668
52_test,11.052799
53_test,9.241125
54_test,125.051186
55_test,5.196554
56_test,21.06312
57_test,7.7984805
58_test,6.5886106
59_test,22.002783
60_test,8.571654
61_test,266.3795
62_test,9.297793
63_test,4.1842184
64_test,7.59889
65_test,6.858569
66_test,27.009703
67_test,27.009703
68_test,20.346657
69_test,4.648983
70_test,6.234681
71_test,6.610047
72_test,4.995121
73_test,4.6840944
74_test,17.100151
75_test,7.973012
76_test,14.287195
77_test,6.907694
78_test,7.53366
79_test,6.471837
80_test,47.62467
81_test,6.471837
82_test,10.861922
83_test,10.080162
84_test,8.888612
85_test,24.262182
86_test,7.7984805
87_test,9.263606
88_test,16.822735
89_test,19.22842
90_test,20.339155
91_test,4.748509
92_test,37.10555
93_test,9.2506695
94_test,8.31283
95_test,9.417362
96_test,170.05211
97_test,6.9977584
98_test,6.8226624
99_test,114.1152
100_test,8.911672
101_test,8.862081
102_test,20.82131
103_test,10.511633
104_test,10.757799
105_test,5.6703005
106_test,6.1505203
107_test,26.043
108_test,18.883924
109_test,15.094691
110_test,4.9170284
111_test,7.7133904
112_test,20.371195
113_test,5.9997272
114_test,7.6889687
115_test,19.22842
116_test,6.5348334
117_test,5.7274766
118_test,8.911672
119_test,9.842301
120_test,18.609638
121_test,9.709884
122_test,20.749817
123_test,137.25179
124_test,7.7133904
125_test,7.7984805
126_test,51.564533
127_test,7.698032
128_test,21.51077
129_test,27.009703
130_test,11.236705
131_test,770.2338
132_test,8.976784
133_test,13.249066
134_test,20.371195
135_test,9.842301
136_test,5.392851
137_test,18.609638
138_test,6.858569
139_test,24.7532
140_test,10.643178
141_test,9.056923
142_test,8.147834
143_test,7.8163867
144_test,8.111369
145_test,9.103104
146_test,15.528274
147_test,7.0272646
148_test,19.786171
149_test,10.15635
150_test,17.4161
151_test,21.065153
152_test,6.9472313
153_test,12.598501
154_test,10.08285
155_test,20.347277
156_test,7.472096
157_test,7.2960205
158_test,13.272372
159_test,6.9828715
160_test,12.161459
161_test,10.055462
162_test,13.912647
163_test,5.3282127
164_test,8.286873
165_test,53.00553
166_test,6.5348334
167_test,9.94719
168_test,13.052461
169_test,13.101409
170_test,6.471837
171_test,22.91078
172_test,20.371195
173_test,21.610628
174_test,8.56697
175_test,11.837517
176_test,5.5416837
177_test,8.640668
178_test,19.786171
179_test,26.734255
180_test,16.66558
181_test,25.375051
182_test,8.976978
183_test,16.74489
184_test,112.445595
185_test,4.840669
186_test,8.823225
187_test,8.31283
188_test,17.242754
189_test,40.881
190_test,6.0540004
191_test,5.0727477
192_test,25.719606
193_test,9.297793
194_test,7.174323
195_test,6.2440524
196_test,405.9548
197_test,10.749395
198_test,20.487207
199_test,24.262182
200_test,6.471837
201_test,6.864633
202_test,11.052799
203_test,7.341955
204_test,8.640668
205_test,14.686846
206_test,8.31283
207_test,22.670835
208_test,8.888612
209_test,37.152325
210_test,8.656178
211_test,5.6771135
212_test,13.856451
213_test,82.32708
214_test,26.77084
215_test,9.387546
216_test,36.61131
217_test,8.129664
218_test,37.29275
219_test,5.899302
220_test,8.862081
221_test,5.2802153
222_test,57.268112
223_test,11.250343
224_test,4.175085
225_test,12.3648405
226_test,19.458796
227_test,31.34696
228_test,6.0076246
229_test,37.424736
230_test,20.326933
231_test,6.2340674
232_test,5.36623
233_test,28.620295
234_test,9.297793
235_test,6.530175
236_test,7.7133904
237_test,4.3655005
238_test,4.7824736
239_test,4.748509
240_test,51.564533
241_test,15.178641
242_test,8.069594
243_test,23.347784
244_test,21.51077
245_test,5.055115
246_test,5.7796054
247_test,8.987329
248_test,7.7984805
249_test,14.686846
250_test,4.175085
251_test,4.154049
252_test,34.00828
253_test,26.157001
254_test,177.17041
255_test,13.101409
256_test,6.0931196
257_test,102.44343
258_test,9.930841
259_test,9.709884
260_test,21.000347
261_test,9.842301
262_test,8.310455
263_test,4.946916
264_test,208.13506
265_test,8.198968
266_test,40.053837
267_test,6.0076246
268_test,8.494397
269_test,8.640668
270_test,7.7791996
271_test,8.798535
272_test,5.4438086
273_test,9.297793
274_test,37.379402
275_test,14.937665
276_test,5.636122
277_test,66.80534
278_test,9.806145
279_test,5.7209387
280_test,36.61131
281_test,4.927981
282_test,31.175554
283_test,6.5223875
284_test,9.297793
285_test,5.545671
286_test,6.5348334
287_test,494.90765
288_test,12.522761
289_test,28.620295
290_test,6.3037124
291_test,8.571654
292_test,5.296015
293_test,60.692448
294_test,22.928381
295_test,7.3184032
296_test,16.600866
297_test,134.40388
298_test,7.472096
299_test,4.934947
300_test,18.29676
301_test,117.09479
302_test,5.2602816
303_test,80.30323
304_test,5.029505
305_test,30.719715
306_test,325.33908
307_test,9.2506695
308_test,4.5105667
309_test,35.4897
310_test,21.065153
311_test,22.002783
312_test,4.7064743
313_test,22.89773
314_test,10.677734
315_test,8.384669
316_test,37.21909
317_test,15.783712
318_test,4.5105667
319_test,10.08285
320_test,4.669844
321_test,8.310455
322_test,9.538608
323_test,7.6935706
324_test,8.125586
325_test,10.39953
326_test,10.712631
327_test,22.876131
328_test,8.249633
329_test,41.562664
330_test,8.823225
331_test,5.1025796
332_test,419.09378
333_test,21.178713
334_test,19.786171
335_test,24.262182
336_test,19.786171
337_test,55.17154
338_test,19.22842
339_test,15.33652
340_test,9.598016
341_test,21.065153
342_test,8.533822
343_test,31.495773
344_test,58.042477
345_test,7.5206633
346_test,6.4964504
347_test,17.4161
348_test,8.823225
349_test,6.805171
350_test,5.636122
351_test,13.379488
352_test,29.690546
353_test,5.989971
354_test,19.786171
355_test,8.911672
356_test,63.662045
357_test,8.976784
358_test,10.562902
359_test,4.279821
360_test,614.85736
361_test,4.669844
362_test,4.946916
363_test,4.858762
364_test,9.853312
365_test,11.863334
366_test,7.6240425
367_test,9.526888
368_test,7.4127064
369_test,37.58172
370_test,8.823225
371_test,9.297793
372_test,13.724881
373_test,17.512388
374_test,5.414222
375_test,17.4161
376_test,19.786171
377_test,6.6343884
378_test,8.56697
379_test,16.822735
380_test,8.640668
381_test,19.786171
382_test,8.862081
383_test,26.57049
384_test,8.455414
385_test,98.051
386_test,10.39953
387_test,4.154049
388_test,6.5348334
389_test,79.54577
390_test,24.262182
391_test,26.899721
392_test,10.341935
393_test,21.000347
394_test,10.080162
395_test,22.91078
396_test,22.91078
397_test,6.9747276
398_test,10.575386
399_test,11.052799
400_test,26.125872
401_test,29.351217
402_test,5.871014
403_test,11.549427
404_test,9.94719
405_test,5.3282127
406_test,9.598016
407_test,7.385524
408_test,24.262182
409_test,7.0131507
410_test,6.528846
411_test,8.129664
412_test,8.455414
413_test,8.31283
414_test,547.13947
415_test,6.5348334
416_test,9.062301
417_test,4.7371836
418_test,9.411231
419_test,4.7064743
420_test,22.403881
421_test,60.743954
422_test,580.22015
423_test,6.924032
424_test,181.38652
425_test,4.669844
426_test,4.861329
427_test,5.636122
428_test,199.00398
429_test,67.584145
430_test,12.860013
431_test,9.806145
432_test,22.91078
433_test,22.022741
434_test,131.21849
435_test,11.049918
436_test,60.743954
437_test,11.200205
438_test,16.74489
439_test,17.651342
440_test,11.649447
441_test,36.81718
442_test,77.145935
443_test,7.973012
444_test,7.435486
445_test,7.7984805
446_test,4.1842184
447_test,10.765904
448_test,12.8165045
449_test,20.371195
450_test,8.076335
451_test,6.858569
452_test,7.1453195
453_test,8.640668
454_test,636.887
455_test,10.080162
456_test,5.1996627
457_test,9.698745
458_test,16.439562
459_test,5.392851
460_test,12.598501
461_test,17.4161
462_test,8.640668
463_test,37.10555
464_test,14.287195
465_test,10.757799
466_test,8.976784
467_test,6.3057313
468_test,9.297793
469_test,12.332003
470_test,5.5376196
471_test,4.181392
472_test,33.47815
473_test,11.155173
474_test,37.49412
475_test,8.823225
476_test,24.262182
477_test,7.435486
478_test,14.683972
479_test,16.553154
480_test,16.66558
481_test,11.338486
482_test,15.33652
483_test,4.669844
484_test,5.545671
485_test,8.293022
486_test,14.683972
487_test,5.029505
488_test,34.82585
489_test,3.4815562
490_test,8.58464
491_test,4.7824736
492_test,18.113136
493_test,6.232506
494_test,12.760564
495_test,8.911672
496_test,6.864633
497_test,7.054619
498_test,6.864633
499_test,6.0076246
500_test,4.526855
501_test,5.348643
502_test,22.91078
503_test,76.59251
504_test,7.054619
505_test,5.16279
506_test,4.9852643
507_test,8.911672
508_test,26.154774
509_test,8.31283
510_test,8.31283
511_test,50.84263
512_test,10.614573
513_test,17.4161
514_test,383.0522
515_test,13.101409
516_test,10.080162
517_test,8.455414
518_test,10.651259
519_test,16.04019
520_test,12.727376
521_test,54.14471
522_test,13.249066
523_test,20.487207
524_test,15.892169
525_test,12.811117
526_test,20.294365
527_test,20.294365
528_test,21.580515
529_test,19.093678
530_test,9.2506695
531_test,7.054619
532_test,11.700488
533_test,7.1592026
534_test,9.2506695
535_test,10.405322
536_test,19.22842
537_test,19.22842
538_test,8.31283
539_test,6.858569
540_test,8.31283
541_test,8.976978
542_test,9.630282
543_test,6.0076246
544_test,10.08285
545_test,11.370797
546_test,24.262182
547_test,228.99968
548_test,8.862081
549_test,9.630282
550_test,4.338642
551_test,44.46504
552_test,22.451647
553_test,23.99204
554_test,16.171587
555_test,5.7796054
556_test,12.5248785
557_test,7.1780505
558_test,19.901922
559_test,9.241125
560_test,21.59198
561_test,7.7984805
562_test,21.475637
563_test,8.286873
564_test,7.646816
565_test,5.6771135
566_test,8.583571
567_test,5.2985797
568_test,6.864633
569_test,9.806145
570_test,56.59131
571_test,9.398152
572_test,383.7458
573_test,9.526888
574_test,19.786171
575_test,13.101409
576_test,8.363773
577_test,9.297793
578_test,8.976978
579_test,7.003978
580_test,24.67981
581_test,8.976978
582_test,8.976978
583_test,21.000347
584_test,173.36246
585_test,8.468807
586_test,21.936766
587_test,230.83951
588_test,5.28151
589_test,8.862081
590_test,4.926979
591_test,6.907694
592_test,27.777748
593_test,5.935146
594_test,9.806145
595_test,9.2506695
596_test,4.9320354
597_test,14.686846
598_test,4.748509
599_test,9.297793
600_test,408.04654
601_test,60.64732
602_test,7.8976054
603_test,21.51077
604_test,10.765904
605_test,14.60817
606_test,8.070732
607_test,19.786171
608_test,9.875629
609_test,5.1996627
610_test,9.2506695
611_test,6.858569
612_test,4.7593117
613_test,11.589114
614_test,15.672878
615_test,26.899721
616_test,10.562902
617_test,6.9487495
618_test,22.403881
619_test,26.640976
620_test,8.494397
621_test,28.965868
622_test,8.976978
623_test,8.111369
624_test,6.9487495
625_test,32.69784
626_test,21.065153
627_test,43.011173
628_test,15.094691
629_test,9.297793
630_test,4.338642
631_test,5.7796054
632_test,11.301961
633_test,25.644678
634_test,26.98124
635_test,6.805171
636_test,19.22842
637_test,16.162334
638_test,37.58172
639_test,9.297793
640_test,26.899721
641_test,20.371195
642_test,15.33652
643_test,28.569492
644_test,22.91078
645_test,128.06601
646_test,5.286472
647_test,8.640668
648_test,6.454965
649_test,7.1780505
650_test,6.4298763
651_test,8.640668
652_test,21.020716
653_test,6.9828715
654_test,8.539306
655_test,26.57049
656_test,8.31283
657_test,22.403881
658_test,24.130686
659_test,7.0805635
660_test,32.752865
661_test,14.287195
662_test,19.22842
663_test,10.835334
664_test,7.669368
665_test,7.314494
666_test,4.748509
667_test,4.9852643
668_test,19.786171
669_test,7.7133904
670_test,6.7290277
671_test,164.16185
672_test,8.31283
673_test,9.297793
674_test,6.0076246
675_test,16.04019
676_test,6.9487495
677_test,4.154049
678_test,4.318822
679_test,5.80641
680_test,5.7018456
681_test,28.057135
682_test,12.418246
683_test,11.052799
684_test,12.30053
685_test,8.571654
686_test,7.582802
687_test,16.47558
688_test,4.8225727
689_test,7.3592634
690_test,7.5305567
691_test,7.6240425
692_test,6.742466
693_test,20.294365
694_test,9.94719
695_test,8.976978
696_test,7.0805635
697_test,8.129664
698_test,21.507776
699_test,55.893543
700_test,34.00828
701_test,62.11256
702_test,5.9545307
703_test,25.942413
704_test,4.995121
705_test,8.31283
706_test,9.94719
707_test,13.453288
708_test,24.262182
709_test,21.000347
710_test,7.0131507
711_test,6.805171
712_test,6.471837
713_test,4.5105667
714_test,7.8163867
715_test,10.08285
716_test,21.178713
717_test,40.881
718_test,8.17138
719_test,5.475157
720_test,7.7061944
721_test,10.575386
722_test,24.262182
723_test,8.888612
724_test,31.771135
725_test,23.698942
726_test,22.91078
727_test,24.130686
728_test,19.786171
729_test,4.3655005
730_test,6.2440524
731_test,27.599054
732_test,17.512388
733_test,23.502443
734_test,20.417635
735_test,10.1332855
736_test,5.6771135
737_test,7.995735
738_test,21.51077
739_test,6.530175
740_test,24.262182
741_test,10.502092
742_test,6.530175
743_test,9.297793
744_test,8.455414
745_test,33.439396
746_test,21.51077
747_test,19.038614
748_test,19.506546
749_test,10.876163
750_test,8.96948
751_test,12.413236
752_test,6.7290277
753_test,5.974622
754_test,7.944397
755_test,55.17154
756_test,8.911672
757_test,8.640668
758_test,6.326915
759_test,20.82131
760_test,20.487207
761_test,25.735506
762_test,7.7984805
763_test,9.488542
764_test,19.458796
765_test,7.174323
766_test,5.7796054
767_test,4.794275
768_test,4.926979
769_test,7.1780505
770_test,4.513339
771_test,7.8163867
772_test,7.1780505
773_test,56.87997
774_test,11.83019
775_test,26.57049
776_test,5.1996627
777_test,21.065153
778_test,8.976978
779_test,11.649447
780_test,4.789646
781_test,9.2506695
782_test,9.297793
783_test,13.57903
784_test,5.487153
785_test,10.765904
786_test,8.147834
787_test,21.205236
788_test,5.75334
789_test,19.786171
790_test,16.66558
791_test,73.32719
792_test,5.6131263
793_test,9.94719
794_test,8.180825
795_test,4.4294357
796_test,32.763996
797_test,15.094691
798_test,6.9487495
799_test,7.4127064
800_test,21.392488
801_test,147.31398
802_test,37.424736
803_test,17.4161
804_test,12.616892
805_test,237.40025
806_test,8.862081
807_test,11.454261
808_test,21.065153
809_test,201.46996
810_test,5.9382467
811_test,9.411231
812_test,38.40037
813_test,8.640668
814_test,10.169919
815_test,5.7796054
816_test,11.811273
817_test,7.582802
818_test,4.858762
819_test,383.7458
820_test,7.973012
821_test,7.775563
822_test,15.910371
823_test,8.221545
824_test,19.786171
825_test,7.377494
826_test,8.136979
827_test,8.3757105
828_test,8.310455
829_test,8.129664
830_test,7.59889
831_test,17.4161
832_test,4.858762
833_test,20.506468
834_test,26.899721
835_test,16.205666
836_test,10.643178
837_test,7.937096
838_test,19.786171
839_test,7.3592634
840_test,22.002783
841_test,5.1254244
842_test,14.980049
843_test,4.918784
844_test,5.2985797
845_test,20.371195
846_test,5.9382467
847_test,5.1276884
848_test,6.168251
849_test,15.672878
850_test,12.875623
851_test,8.129664
852_test,21.682428
853_test,7.174323
854_test,157.42287
855_test,56.87997
856_test,24.839483
857_test,6.2440524
858_test,13.179676
859_test,80.24054
860_test,12.99525
861_test,8.640668
862_test,5.9545307
863_test,21.51077
864_test,10.712631
865_test,16.438974
866_test,5.16279
867_test,7.435486
868_test,6.3057313
869_test,13.166683
870_test,50.86538
871_test,5.2985797
872_test,17.4161
873_test,7.6240425
874_test,9.297793
875_test,7.759067
876_test,11.653933
877_test,6.164089
878_test,21.51077
879_test,5.7796054
880_test,5.0727477
881_test,11.837517
882_test,21.610628
883_test,21.000347
884_test,6.853922
885_test,8.136979
886_test,7.1957192
887_test,5.0702577
888_test,44.871735
889_test,8.640668
890_test,7.0805635
891_test,4.669101
892_test,4.7593117
893_test,8.455414
894_test,4.7694125
895_test,12.616892
896_test,8.823225
897_test,14.395015
898_test,8.31283
899_test,8.578124
900_test,7.1780505
901_test,28.20611
902_test,17.4161
903_test,7.759067
904_test,8.31283
905_test,44.419224
906_test,7.8163867
907_test,6.0076246
908_test,5.974622
909_test,7.7984805
910_test,7.4127064
911_test,4.587937
912_test,55.893543
913_test,30.476475
914_test,7.6590157
915_test,20.35125
916_test,21.610628
917_test,10.92912
918_test,8.459851
919_test,5.974622
920_test,14.157334
921_test,8.327702
922_test,14.113515
923_test,7.973012
924_test,11.068475
925_test,389.48804
926_test,9.411231
927_test,5.9276743
928_test,7.1957192
929_test,6.858569
930_test,9.979117
931_test,6.3942943
932_test,5.475157
933_test,7.8163867
934_test,6.99363
935_test,73.77642
936_test,29.742107
937_test,14.865763
938_test,8.571654
939_test,11.236705
940_test,25.719606
941_test,16.162334
942_test,20.371195
943_test,8.823225
944_test,19.831938
945_test,8.094415
946_test,8.640668
947_test,6.864633
948_test,48.15953
949_test,9.411231
950_test,11.549427
951_test,77.145935
952_test,8.773643
953_test,141.86163
954_test,6.1411276
955_test,38.40037
956_test,14.5611515
957_test,8.571654
958_test,8.862081
959_test,14.826751
960_test,8.583571
961_test,21.000347
962_test,21.932062
963_test,15.677848
964_test,45.8224
965_test,20.371195
966_test,15.178641
967_test,26.899721
968_test,26.899721
969_test,4.181392
970_test,29.621819
971_test,8.888612
972_test,25.85724
973_test,6.8706126
974_test,16.980677
975_test,8.436263
976_test,5.2602816
977_test,5.7796054
978_test,6.907694
979_test,7.2325544
980_test,6.5348334
981_test,7.5206633
982_test,5.7796054
983_test,19.786171
984_test,10.080162
985_test,94.41378
986_test,5.533122
987_test,8.880224
988_test,7.0272646
989_test,5.0329943
990_test,8.494397
991_test,26.98124
992_test,17.4161
993_test,9.488542
994_test,5.7274766
995_test,6.907694
996_test,25.24113
997_test,5.8330503
998_test,19.183935
999_test,5.787734
1000_test,4.794275
1001_test,19.22842
1002_test,240.62077
1003_test,10.672338
1004_test,6.5348334
1005_test,8.725663
1006_test,5.989971
1007_test,6.530175
1008_test,13.101409
1009_test,8.459851
1010_test,5.9545307
1011_test,8.146552
1012_test,6.805171
1013_test,8.41692
1014_test,32.763996
1015_test,20.294365
1016_test,8.862081
1017_test,10.712631
1018_test,21.274202
1019_test,10.234057
1020_test,9.297793
1021_test,6.471837
1022_test,7.253899
1023_test,138.60103
1024_test,8.282484
1025_test,12.010589
1026_test,13.527274
1027_test,28.77907
1028_test,7.4602056
1029_test,7.5122657
1030_test,19.786171
1031_test,7.923553
1032_test,51.564533
1033_test,5.7796054
1034_test,6.805171
1035_test,11.250343
1036_test,20.294365
1037_test,8.371748
1038_test,8.823225
1039_test,36.61131
1040_test,5.125639
1041_test,10.080162
1042_test,9.755107
1043_test,42.68694
1044_test,8.823225
1045_test,18.422222
1046_test,8.459851
1047_test,17.566832
1048_test,8.823225
1049_test,5.645008
1050_test,21.065153
1051_test,7.7984805
1052_test,8.160275
1053_test,7.2325544
1054_test,60.743954
1055_test,25.650858
1056_test,33.50516
1057_test,8.823225
1058_test,13.249066
1059_test,7.973012
1060_test,6.130953
1061_test,5.545671
1062_test,8.519167
1063_test,5.2985797
1064_test,4.154049
1065_test,4.8461704
1066_test,5.111248
1067_test,7.775563
1068_test,6.2440524
1069_test,6.471837
1070_test,24.130686
1071_test,4.9170284
1072_test,5.545671
1073_test,70.30237
1074_test,7.3368177
1075_test,7.015257
1076_test,6.0076246
1077_test,6.5223875
1078_test,8.459851
1079_test,18.113136
1080_test,10.987905
1081_test,7.385524
1082_test,20.487207
1083_test,19.77233
1084_test,8.571654
1085_test,19.22842
1086_test,9.297793
1087_test,22.91078
1088_test,9.297793
1089_test,7.1780505
1090_test,21.000347
1091_test,24.262182
1092_test,8.310455
1093_test,8.198968
1094_test,8.880224
1095_test,7.6308637
1096_test,4.7593117
1097_test,8.911672
1098_test,19.506546
1099_test,9.150512
1100_test,25.650858
1101_test,11.570068
1102_test,21.065153
1103_test,15.677848
1104_test,8.41692
1105_test,17.651342
1106_test,4.918784
1107_test,16.205666
1108_test,5.974622
1109_test,19.215685
1110_test,9.509555
1111_test,8.180825
1112_test,16.279434
1113_test,8.494397
1114_test,16.04019
1115_test,9.2506695
1116_test,4.669101
1117_test,5.116159
1118_test,7.303153
1119_test,7.1780505
1120_test,19.183935
1121_test,164.16185
1122_test,7.2901163
1123_test,36.418396
1124_test,11.804663
1125_test,13.453385
1126_test,30.31022
1127_test,5.392851
1128_test,8.263597
1129_test,19.038614
1130_test,7.6767216
1131_test,9.2506695
1132_test,21.274202
1133_test,12.84719
1134_test,5.9248323
1135_test,7.7984805
1136_test,5.5751743
1137_test,5.545671
1138_test,11.236705
1139_test,8.96948
1140_test,8.31283
1141_test,9.261591
1142_test,6.2440524
1143_test,5.979725
1144_test,5.2985797
1145_test,10.39953
1146_test,11.250343
1147_test,14.60817
1148_test,8.751169
1149_test,13.217649
1150_test,4.8807006
1151_test,8.888612
1152_test,6.907694
1153_test,19.786171
1154_test,21.392488
1155_test,5.9545307
1156_test,9.2506695
1157_test,11.804663
1158_test,8.249633
1159_test,16.162334
1160_test,22.91078
1161_test,6.2921047
1162_test,13.393192
1163_test,17.4161
1164_test,4.858762
1165_test,8.286873
1166_test,50.045277
1167_test,5.565342
1168_test,8.539306
1169_test,282.19308
1170_test,24.262182
1171_test,5.80641
1172_test,8.56697
1173_test,12.522761
1174_test,17.4161
1175_test,8.823225
1176_test,4.328247
1177_test,4.669844
1178_test,13.21547
1179_test,5.213867
1180_test,7.7984805
1181_test,10.521386
1182_test,4.3655005
1183_test,10.876927
1184_test,13.57903
1185_test,8.862081
1186_test,12.110217
1187_test,6.805171
1188_test,21.49977
1189_test,8.640668
1190_test,423.11844
1191_test,37.424736
1192_test,8.880224
1193_test,20.982286
1194_test,10.712631
1195_test,8.129664
1196_test,21.065153
1197_test,7.222185
1198_test,4.995121
1199_test,9.521011
1200_test,97.26324
1201_test,38.31709
1202_test,28.376379
1203_test,8.249633
1204_test,5.6516967
1205_test,26.75122
1206_test,13.491147
1207_test,10.16798
1208_test,8.583571
1209_test,14.861376
1210_test,7.174323
1211_test,18.609638
1212_test,8.455414
1213_test,5.8228455
1214_test,12.364915
1215_test,7.2901163
1216_test,8.976978
1217_test,12.686898
1218_test,13.09921
1219_test,60.270927
1220_test,6.9487495
1221_test,7.2325544
1222_test,7.5122657
1223_test,199.73601
1224_test,16.620064
1225_test,15.764819
1226_test,6.4175253
1227_test,5.636122
1228_test,12.332003
1229_test,7.435486
1230_test,8.976978
1231_test,4.338642
1232_test,21.000347
1233_test,10.080162
1234_test,7.99447
1235_test,5.0727477
1236_test,10.1332855
1237_test,21.205236
1238_test,7.7783194
1239_test,7.60557
1240_test,6.9977584
1241_test,9.94719
1242_test,6.1745133
1243_test,57.578045
1244_test,24.262182
1245_test,11.232949
1246_test,8.129664
1247_test,26.157001
1248_test,60.39875
1249_test,10.39953
1250_test,21.065153
1251_test,9.2506695
1252_test,8.823225
1253_test,22.403881
1254_test,5.6911135
1255_test,5.3282127
1256_test,28.900053
1257_test,4.338642
1258_test,17.566832
1259_test,10.39953
1260_test,7.174323
1261_test,37.21909
1262_test,21.318605
1263_test,19.348812
1264_test,9.411231
1265_test,9.2506695
1266_test,8.888612
1267_test,4.1842184
1268_test,15.129426
1269_test,630.4568
1270_test,6.56528
1271_test,3.9884236
1272_test,10.08285
1273_test,6.1411276
1274_test,21.507776
1275_test,8.286873
1276_test,6.0182123
1277_test,7.696022
1278_test,10.988099
1279_test,6.808159
1280_test,9.2506695
1281_test,4.789646
1282_test,8.31283
1283_test,8.896226
1284_test,5.7209387
1285_test,10.861922
1286_test,7.59889
1287_test,19.786171
1288_test,27.763948
1289_test,5.286472
1290_test,5.545671
1291_test,8.98441
1292_test,6.8439584
1293_test,60.150394
1294_test,7.6767216
1295_test,4.587556
1296_test,8.976978
1297_test,21.065153
1298_test,8.147834
1299_test,13.21547
1300_test,4.946916
1301_test,4.1842184
1302_test,29.621819
1303_test,12.181667
1304_test,10.08285
1305_test,8.823225
1306_test,7.7984805
1307_test,7.1780505
1308_test,9.2506695
1309_test,5.636122
1310_test,8.249633
1311_test,8.911672
1312_test,9.297793
1313_test,6.6789227
1314_test,8.911672
1315_test,806.80524
1316_test,9.730786
1317_test,11.052799
1318_test,18.186975
1319_test,28.188417
1320_test,4.5105667
1321_test,12.563963
1322_test,56.066578
1323_test,14.466664
1324_test,17.039278
1325_test,8.888612
1326_test,7.3690786
1327_test,6.6539927
1328_test,26.043
1329_test,12.875623
1330_test,31.05943
1331_test,8.976784
1332_test,25.961895
1333_test,25.739965
1334_test,11.387719
1335_test,6.656705
1336_test,6.907694
1337_test,24.262182
1338_test,4.840669
1339_test,4.1842184
1340_test,5.6771135
1341_test,17.4161
1342_test,846.1247
1343_test,84.70845
1344_test,21.205236
1345_test,35.997555
1346_test,19.786171
1347_test,9.297793
1348_test,14.686846
1349_test,82.32708
1350_test,21.610628
1351_test,4.181392
1352_test,10.361482
1353_test,10.841706
1354_test,5.6303153
1355_test,12.315962
1356_test,12.727376
1357_test,25.117933
1358_test,6.7539377
1359_test,24.7532
1360_test,6.864633
1361_test,7.1957192
1362_test,21.932062
1363_test,6.471837
1364_test,8.31283
1365_test,21.205236
1366_test,26.899721
1367_test,14.287195
1368_test,9.842301
1369_test,6.9828715
1370_test,4.995121
1371_test,17.869642
1372_test,14.826751
1373_test,4.858762
1374_test,7.2901163
1375_test,6.3255596
1376_test,7.0805635
1377_test,6.864633
1378_test,4.995121
1379_test,4.995121
1380_test,7.0805635
1381_test,7.2305255
1382_test,20.294365
1383_test,32.85442
1384_test,7.59889
1385_test,16.439562
1386_test,21.000347
1387_test,27.777748
1388_test,148.40485
1389_test,14.844501
1390_test,8.310455
1391_test,21.610628
1392_test,15.33981
1393_test,21.065153
1394_test,17.39708
1395_test,13.101409
1396_test,25.73511
1397_test,12.028304
1398_test,18.159218
1399_test,21.51077
1400_test,4.7593117
1401_test,21.475637
1402_test,21.392488
1403_test,5.6703005
1404_test,14.287195
1405_test,21.39755
1406_test,11.236705
1407_test,6.858569
1408_test,14.937665
1409_test,11.589114
1410_test,37.857433
1411_test,7.7984805
1412_test,9.297793
1413_test,7.8976054
1414_test,5.7796054
1415_test,6.604248
1416_test,13.393192
1417_test,62.026684
1418_test,7.582802
1419_test,6.1983247
1420_test,22.002783
1421_test,88.38405
1422_test,9.056923
1423_test,7.174323
1424_test,12.034183
1425_test,6.9487495
1426_test,5.636122
1427_test,9.993043
1428_test,17.4161
1429_test,240.62077
1430_test,82.32708
1431_test,17.869642
1432_test,9.297793
1433_test,92.21604
1434_test,14.937665
1435_test,27.32815
1436_test,7.1957192
1437_test,123.89307
1438_test,139.2531
1439_test,7.8976054
1440_test,8.136979
1441_test,26.899721
1442_test,5.1043506
1443_test,6.858569
1444_test,9.297793
1445_test,7.8163867
1446_test,4.789646
1447_test,7.4886427
1448_test,20.487207
1449_test,8.976784
1450_test,12.413236
1451_test,12.343102
1452_test,18.50213
1453_test,6.864633
1454_test,10.987905
1455_test,4.840669
1456_test,4.7824736
1457_test,4.840669
1458_test,11.863334
1459_test,8.494397
1460_test,9.2506695
1461_test,7.7984805
1462_test,17.945654
1463_test,6.3037124
1464_test,8.571654
1465_test,10.380607
1466_test,8.823225
1467_test,4.748509
1468_test,10.153051
1469_test,36.61131
1470_test,8.56697
1471_test,7.94094
1472_test,8.976978
1473_test,24.130686
1474_test,13.2545805
1475_test,8.459851
1476_test,9.297793
1477_test,9.709884
1478_test,7.2901163
1479_test,9.2506695
1480_test,4.926979
1481_test,7.1780505
1482_test,8.640668
1483_test,20.193163
1484_test,243.07182
1485_test,4.9170284
1486_test,11.597915
1487_test,6.471837
1488_test,309.43546
1489_test,6.266062
1490_test,14.686846
1491_test,9.422259
1492_test,4.5105667
1493_test,18.50213
1494_test,11.227558
1495_test,15.629313
1496_test,10.260615
1497_test,4.3655005
1498_test,10.39953
1499_test,8.310455
1500_test,66.26243
1501_test,8.31283
1502_test,9.2506695
1503_test,8.640668
1504_test,13.505317
1505_test,245.47955
1506_test,8.455414
1507_test,8.455414
1508_test,4.454197
1509_test,8.996766
1510_test,6.8330574
1511_test,7.472096
1512_test,9.422259
1513_test,10.215735
1514_test,4.454197
1515_test,18.505907
1516_test,4.858762
1517_test,13.249066
1518_test,60.19493
1519_test,7.3677206
1520_test,14.287195
1521_test,9.630282
1522_test,8.544415
1523_test,13.101409
1524_test,7.0805635
1525_test,21.51077
1526_test,21.000347
1527_test,19.066187
1528_test,5.9787846
1529_test,8.198968
1530_test,26.154774
1531_test,11.236705
1532_test,9.241125
1533_test,258.71735
1534_test,20.294365
1535_test,8.888612
1536_test,4.7371836
1537_test,5.3836803
1538_test,15.892169
1539_test,4.1842184
1540_test,15.910371
1541_test,19.786171
1542_test,21.205236
1543_test,4.3655005
1544_test,6.805171
1545_test,5.3849525
1546_test,6.389854
1547_test,9.398152
1548_test,15.9991255
1549_test,8.640668
1550_test,6.389854
1551_test,6.907694
1552_test,44.181847
1553_test,10.987905
1554_test,12.598501
1555_test,18.46323
1556_test,5.154952
1557_test,7.352495
1558_test,11.236705
1559_test,21.065153
1560_test,12.028304
1561_test,5.3853827
1562_test,5.3282127
1563_test,8.160275
1564_test,9.5476675
1565_test,8.459851
1566_test,6.3645725
1567_test,19.22842
1568_test,19.786171
1569_test,8.147834
1570_test,20.294365
1571_test,29.198988
1572_test,9.38499
1573_test,7.1780505
1574_test,8.631842
1575_test,36.208252
1576_test,8.996766
1577_test,5.636122
1578_test,12.1638775
1579_test,4.154049
1580_test,208.13506
1581_test,8.56697
1582_test,9.229583
1583_test,9.297793
1584_test,15.094691
1585_test,1022.0333
1586_test,9.94719
1587_test,9.297793
1588_test,14.310735
1589_test,70.28958
1590_test,10.080162
1591_test,189.75458
1592_test,10.429825
1593_test,152.33783
1594_test,19.786171
1595_test,10.876163
1596_test,8.468807
1597_test,8.160275
1598_test,8.31283
1599_test,14.997315
1600_test,7.7984805
1601_test,7.127783
1602_test,4.181392
1603_test,8.282484
1604_test,237.40025
1605_test,50.329266
1606_test,8.070732
1607_test,4.669844
1608_test,10.405322
1609_test,37.63657
1610_test,11.052799
1611_test,9.417362
1612_test,8.640668
1613_test,14.937665
1614_test,6.388493
1615_test,13.249066
1616_test,291.2401
1617_test,17.4161
1618_test,6.077371
1619_test,18.422724
1620_test,5.3452635
1621_test,54.456196
1622_test,7.1780505
1623_test,21.51077
1624_test,10.09674
1625_test,6.2921047
1626_test,6.471837
1627_test,22.451647
1628_test,15.528274
1629_test,5.4496846
1630_test,7.7984805
1631_test,21.610628
1632_test,25.884834
1633_test,4.154049
1634_test,30.101433
1635_test,24.262182
1636_test,7.316177
1637_test,15.892169
1638_test,9.806145
1639_test,7.1780505
1640_test,17.869642
1641_test,9.297793
1642_test,12.598501
1643_test,20.50917
1644_test,7.1780505
1645_test,5.5416837
1646_test,17.4161
1647_test,8.911672
1648_test,15.094691
1649_test,6.907694
1650_test,7.7133904
1651_test,5.595049
1652_test,19.786171
1653_test,21.000347
1654_test,5.2985797
1655_test,5.2404647
1656_test,4.6840944
1657_test,5.7910576
1658_test,8.293022
1659_test,27.644306
1660_test,5.932737
1661_test,11.9654455
1662_test,9.709884
1663_test,109.43736
1664_test,7.1780505
1665_test,6.8439584
1666_test,14.937665
1667_test,17.554749
1668_test,4.748509
1669_test,38.187588
1670_test,8.571654
1671_test,6.0076246
1672_test,9.297793
1673_test,8.823225
1674_test,8.583571
1675_test,19.458796
1676_test,10.153051
1677_test,10.080162
1678_test,7.8163867
1679_test,6.5348334
1680_test,26.043
1681_test,6.5236816
1682_test,20.294365
1683_test,9.072749
1684_test,5.636122
1685_test,27.599054
1686_test,5.80641
1687_test,763.5516
1688_test,8.976978
1689_test,21.065153
1690_test,5.636122
1691_test,38.40037
1692_test,7.7984805
1693_test,4.918784
1694_test,4.669844
1695_test,24.262182
1696_test,8.519167
1697_test,11.769149
1698_test,8.216069
1699_test,5.154952
1700_test,21.932062
1701_test,9.806145
1702_test,11.730515
1703_test,4.995121
1704_test,22.451647
1705_test,4.669101
1706_test,7.174323
1707_test,10.714068
1708_test,7.59889
1709_test,7.7791996
1710_test,13.065823
1711_test,33.47815
1712_test,5.545671
1713_test,18.50213
1714_test,7.5122657
1715_test,17.4161
1716_test,8.725663
1717_test,41.562664
1718_test,20.371195
1719_test,17.61502
1720_test,4.7371836
1721_test,15.892169
1722_test,8.880224
1723_test,82.32708
1724_test,17.4161
1725_test,4.175085
1726_test,17.982723
1727_test,36.81718
1728_test,8.31283
1729_test,16.451841
1730_test,7.1133237
1731_test,6.1928997
1732_test,8.571654
1733_test,8.640668
1734_test,7.8163867
1735_test,7.3368177
1736_test,6.250842
1737_test,6.68169
1738_test,13.329107
1739_test,5.9942846
1740_test,9.062301
1741_test,5.0584574
1742_test,4.7593117
1743_test,21.392488
1744_test,8.640668
1745_test,9.598016
1746_test,7.127783
1747_test,16.162334
1748_test,11.826464
1749_test,44.22182
1750_test,28.376379
1751_test,7.054619
1752_test,8.309166
1753_test,18.50213
1754_test,38.01479
1755_test,8.880224
1756_test,21.51077
1757_test,8.076335
1758_test,19.786171
1759_test,7.1780505
1760_test,4.789646
1761_test,8.409728
1762_test,63.312477
1763_test,6.6539927
1764_test,7.7984805
1765_test,12.3648405
1766_test,4.9170284
1767_test,10.344627
1768_test,7.944397
1769_test,13.272372
1770_test,22.91078
1771_test,7.1780505
1772_test,8.455414
1773_test,8.862081
1774_test,6.082063
1775_test,22.451647
1776_test,4.587556
1777_test,7.1780505
1778_test,36.61131
1779_test,12.868764
1780_test,25.24113
1781_test,288.64746
1782_test,12.332003
1783_test,4.9170284
1784_test,44.58201
1785_test,14.310735
1786_test,15.129426
1787_test,42.486073
1788_test,21.515432
1789_test,24.262182
1790_test,9.94719
1791_test,10.903388
1792_test,9.297793
1793_test,21.932062
1794_test,55.17154
1795_test,12.1566725
1796_test,9.150512
1797_test,5.932737
1798_test,16.620064
1799_test,5.89592
1800_test,8.249633
1801_test,4.4294357
1802_test,20.294365
1803_test,7.3034744
1804_test,60.692448
1805_test,13.57903
1806_test,7.2305255
1807_test,14.686846
1808_test,10.876163
1809_test,6.130953
1810_test,4.858762
1811_test,4.536212
1812_test,958.25464
1813_test,9.2506695
1814_test,9.746203
1815_test,7.174323
1816_test,58.042477
1817_test,4.743944
1818_test,20.506468
1819_test,7.174323
1820_test,8.823225
1821_test,8.642836
1822_test,9.297793
1823_test,9.667819
1824_test,134.40388
1825_test,5.9545307
1826_test,4.154049
1827_test,7.9318066
1828_test,8.494397
1829_test,6.326915
1830_test,40.053837
1831_test,7.435486
1832_test,9.2506695
1833_test,9.297793
1834_test,8.125586
1835_test,7.174323
1836_test,9.297793
1837_test,5.9382467
1838_test,220.2814
1839_test,7.2901163
1840_test,7.1780505
1841_test,21.51077
1842_test,102.452324
1843_test,7.1780505
1844_test,4.743944
1845_test,7.2901163
1846_test,15.603702
1847_test,40.795506
1848_test,5.2692423
1849_test,7.0272646
1850_test,26.154774
1851_test,19.506546
1852_test,7.054619
1853_test,11.769149
1854_test,5.6703005
1855_test,17.39708
1856_test,7.127783
1857_test,4.3655005
1858_test,12.522761
1859_test,5.186052
1860_test,271.35873
1861_test,23.698942
1862_test,8.56697
1863_test,4.154049
1864_test,46.68942
1865_test,20.128365
1866_test,52.884872
1867_test,13.217649
1868_test,7.054619
1869_test,13.217649
1870_test,14.5611515
1871_test,11.21534
1872_test,52.884872
1873_test,4.821098
1874_test,21.932062
1875_test,19.22842
1876_test,16.74489
1877_test,13.1552515
1878_test,9.785723
1879_test,5.2985797
1880_test,7.284154
1881_test,12.96593
1882_test,7.64083
1883_test,4.154049
1884_test,234.67142
1885_test,8.823225
1886_test,6.907694
1887_test,11.304001
1888_test,6.7793856
1889_test,5.296015
1890_test,6.6789227
1891_test,24.262182
1892_test,393.41833
1893_test,28.408072
1894_test,7.7984805
1895_test,7.1780505
1896_test,8.310455
1897_test,5.3282127
1898_test,37.207832
1899_test,6.864633
1900_test,4.648983
1901_test,19.22842
1902_test,8.640668
1903_test,14.264877
1904_test,19.786171
1905_test,15.094691
1906_test,6.858569
1907_test,10.898803
1908_test,9.422259
1909_test,58.16611
1910_test,229.62209
1911_test,19.786171
1912_test,7.382555
1913_test,7.3592634
1914_test,8.911672
1915_test,4.587556
1916_test,6.907694
1917_test,21.603106
1918_test,7.054619
1919_test,14.686846
1920_test,22.451647
1921_test,8.249633
1922_test,14.264877
1923_test,5.9383206
1924_test,8.494397
1925_test,9.398152
1926_test,9.297793
1927_test,12.760564
1928_test,20.487207
1929_test,148.88701
1930_test,31.29101
1931_test,7.1453195
1932_test,19.768871
1933_test,17.512388
1934_test,42.68694
1935_test,6.457761
1936_test,5.402816
1937_test,5.0584574
1938_test,5.6834364
1939_test,8.880224
1940_test,15.61677
1941_test,8.571654
1942_test,13.101409
1943_test,21.065153
1944_test,5.4496846
1945_test,4.669844
1946_test,12.66917
1947_test,12.760564
1948_test,7.3677206
1949_test,4.154049
1950_test,6.471837
1951_test,201.41045
1952_test,5.16279
1953_test,24.830793
1954_test,20.294365
1955_test,5.0013666
1956_test,5.81299
1957_test,6.389854
1958_test,9.033081
1959_test,7.775563
1960_test,3.8422356
1961_test,94.45216
1962_test,6.2440524
1963_test,4.07487
1964_test,5.732412
1965_test,295.28662
1966_test,12.963889
1967_test,12.522761
1968_test,10.749395
1969_test,4.8455844
1970_test,8.976784
1971_test,257.53488
1972_test,6.5281897
1973_test,237.40025
1974_test,11.897483
1975_test,63.312477
1976_test,32.608517
1977_test,22.002783
1978_test,28.376379
1979_test,4.5105667
1980_test,9.297793
1981_test,4.4294357
1982_test,5.636122
1983_test,30.987432
1984_test,19.038614
1985_test,5.296015
1986_test,20.347277
1987_test,4.669844
1988_test,25.73511
1989_test,4.858762
1990_test,5.606948
1991_test,9.065295
1992_test,7.2325544
1993_test,55.17154
1994_test,11.841611
1995_test,8.550089
1996_test,22.032312
1997_test,8.976784
1998_test,10.9044485
1999_test,20.487207
2000_test,20.371195
2001_test,11.117075
2002_test,7.1453195
2003_test,8.976784
2004_test,7.385524
2005_test,8.583571
2006_test,8.976784
2007_test,6.1411276
2008_test,191.01988
2009_test,9.2506695
2010_test,19.786171
2011_test,261.74588
2012_test,21.507776
2013_test,34.00828
2014_test,32.69784
2015_test,5.6771135
2016_test,10.502092
2017_test,8.888612
2018_test,13.101409
2019_test,8.911672
2020_test,34.00455
2021_test,6.805171
2022_test,10.080162
2023_test,21.51077
2024_test,13.101409
2025_test,18.737635
2026_test,4.5105667
2027_test,90.13958
2028_test,8.96948
2029_test,7.0805635
2030_test,24.262182
2031_test,22.451647
2032_test,21.000347
2033_test,5.9383206
2034_test,7.7984805
2035_test,8.31283
2036_test,11.552125
2037_test,8.571654
2038_test,8.855356
2039_test,7.435486
2040_test,10.08285
2041_test,8.147834
2042_test,24.130686
2043_test,6.4158187
2044_test,5.7209387
2045_test,27.878517
2046_test,12.1638775
2047_test,8.823225
2048_test,9.908212
2049_test,8.249633
2050_test,6.808159
2051_test,9.480263
2052_test,36.61131
2053_test,4.526855
2054_test,8.129664
2055_test,8.494397
2056_test,8.416509
2057_test,149.26593
2058_test,13.101409
2059_test,10.898803
2060_test,8.96948
2061_test,15.33652
2062_test,7.823749
2063_test,8.754014
2064_test,22.451647
2065_test,23.347784
2066_test,9.150512
2067_test,8.880224
2068_test,13.101409
2069_test,17.4161
2070_test,15.9991255
2071_test,19.786171
2072_test,17.44757
2073_test,24.262182
2074_test,7.314494
2075_test,7.174323
2076_test,7.7984805
2077_test,39.20429
2078_test,4.927981
2079_test,26.98124
2080_test,10.987905
2081_test,7.437179
2082_test,17.4161
2083_test,8.069594
2084_test,12.161459
2085_test,22.27775
2086_test,9.297793
2087_test,19.22842
2088_test,17.4161
2089_test,6.3942943
2090_test,10.117639
2091_test,8.823225
2092_test,13.457046
2093_test,7.174323
2094_test,6.0710998
2095_test,20.506468
2096_test,4.154049
2097_test,6.805171
2098_test,20.339155
2099_test,17.4161
2100_test,10.210454
2101_test,7.1780505
2102_test,7.4194126
2103_test,11.024747
2104_test,5.7796054
2105_test,4.4294357
2106_test,7.028869
2107_test,65.33427
2108_test,23.663599
2109_test,7.540137
2110_test,5.7796054
2111_test,8.862081
2112_test,24.9768
2113_test,8.888612
2114_test,7.0332875
2115_test,16.04019
2116_test,93.09973
2117_test,7.0805635
2118_test,8.578124
2119_test,52.352802
2120_test,22.91078
2121_test,6.2220573
2122_test,8.911672
2123_test,10.705766
2124_test,5.6516967
2125_test,4.7593117
2126_test,7.646816
2127_test,8.955295
2128_test,10.5430765
2129_test,10.705766
2130_test,19.786171
2131_test,12.606264
2132_test,56.59131
2133_test,6.1928997
2134_test,11.052799
2135_test,13.505317
2136_test,21.932062
2137_test,7.3677206
2138_test,5.420813
2139_test,27.763948
2140_test,7.8079987
2141_test,8.976978
2142_test,45.583073
2143_test,4.154049
2144_test,7.500724
2145_test,309.43546
2146_test,6.7290277
2147_test,6.960806
2148_test,7.318629
2149_test,8.751169
2150_test,7.995735
2151_test,6.0130916
2152_test,8.571654
2153_test,6.130953
2154_test,8.147834
2155_test,10.163438
2156_test,13.26684
2157_test,4.454197
2158_test,4.7371836
2159_test,7.6767216
2160_test,17.869642
2161_test,7.1133237
2162_test,9.297793
2163_test,8.783002
2164_test,8.160275
2165_test,10.30473
2166_test,7.4256997
2167_test,8.880224
2168_test,62.11256
2169_test,225.06982
2170_test,11.837517
2171_test,9.2506695
2172_test,7.054619
2173_test,4.5105667
2174_test,21.51077
2175_test,9.297793
2176_test,16.04019
2177_test,9.2506695
2178_test,50.86538
2179_test,24.7532
2180_test,4.858762
2181_test,15.33981
2182_test,19.30837
2183_test,8.249633
2184_test,7.377494
2185_test,7.054619
2186_test,12.028304
2187_test,28.583216
2188_test,10.344627
2189_test,6.2921047
2190_test,5.3811836
2191_test,7.314494
2192_test,7.0272646
2193_test,186.2197
2194_test,108.72959
2195_test,6.080842
2196_test,4.154049
2197_test,11.46138
2198_test,41.787834
2199_test,19.786171
2200_test,8.293022
2201_test,21.51077
2202_test,24.262182
2203_test,11.049918
2204_test,8.416509
2205_test,7.4574327
2206_test,8.416509
2207_test,6.616208
2208_test,9.241125
2209_test,8.089897
2210_test,4.995121
2211_test,8.249633
2212_test,9.2506695
2213_test,8.855265
2214_test,27.777748
2215_test,24.262182
2216_test,20.371195
2217_test,20.294365
2218_test,6.130953
2219_test,8.640668
2220_test,9.297793
2221_test,4.995121
2222_test,5.0702577
2223_test,4.7593117
2224_test,19.218958
2225_test,6.907694
2226_test,6.5223875
2227_test,7.863855
2228_test,8.823225
2229_test,28.620295
2230_test,37.424736
2231_test,8.129664
2232_test,4.454197
2233_test,8.070732
2234_test,8.583571
2235_test,7.6240425
2236_test,6.6343884
2237_test,8.666345
2238_test,42.36742
2239_test,12.498954
2240_test,19.786171
2241_test,8.880224
2242_test,37.21909
2243_test,139.2531
2244_test,8.31283
2245_test,5.5416837
2246_test,8.31283
2247_test,7.174323
2248_test,38.40037
2249_test,9.380417
2250_test,7.0805635
2251_test,8.371748
2252_test,15.629313
2253_test,5.49533
2254_test,10.757799
2255_test,6.454965
2256_test,9.598016
2257_test,11.897483
2258_test,173.37126
2259_test,20.371195
2260_test,6.3255596
2261_test,6.805171
2262_test,7.775563
2263_test,55.893543
2264_test,12.161459
2265_test,16.553154
2266_test,22.91078
2267_test,10.215735
2268_test,7.7133904
2269_test,12.875623
2270_test,8.417349
2271_test,22.91078
2272_test,22.312696
2273_test,7.1780505
2274_test,16.66558
2275_test,7.174323
2276_test,8.888612
2277_test,19.786171
2278_test,9.815263
2279_test,7.3373995
2280_test,9.2506695
2281_test,5.442453
2282_test,4.995121
2283_test,7.59889
2284_test,19.22842
2285_test,8.286873
2286_test,21.932062
2287_test,4.587556
2288_test,8.455414
2289_test,4.748509
2290_test,4.1842184
2291_test,26.641293
2292_test,4.858762
2293_test,4.669844
2294_test,4.154049
2295_test,4.4729385
2296_test,30.719715
2297_test,42.68694
2298_test,50.95837
2299_test,21.065153
2300_test,16.04019
2301_test,138.60103
2302_test,7.8163867
2303_test,6.389854
2304_test,28.732054
2305_test,7.174323
2306_test,10.153051
2307_test,22.451647
2308_test,12.522761
2309_test,16.04019
2310_test,33.439396
2311_test,7.3677206
2312_test,9.2506695
2313_test,21.610628
2314_test,12.522761
2315_test,8.286873
2316_test,11.374568
2317_test,6.0076246
2318_test,152.66245
2319_test,8.409728
2320_test,22.002783
2321_test,7.8163867
2322_test,4.3655005
2323_test,7.0805635
2324_test,25.650858
2325_test,216.47273
2326_test,22.451647
2327_test,25.719606
2328_test,21.51077
2329_test,18.113136
2330_test,5.186052
2331_test,8.640668
2332_test,4.175085
2333_test,18.113136
2334_test,8.430926
2335_test,27.599054
2336_test,21.610628
2337_test,11.052799
2338_test,9.94719
2339_test,5.6771135
2340_test,6.805171
2341_test,8.221545
2342_test,31.041594
2343_test,8.31283
2344_test,6.864633
2345_test,6.858569
2346_test,6.858569
2347_test,6.457761
2348_test,8.436263
2349_test,19.786171
2350_test,5.7209387
2351_test,21.000347
2352_test,18.609638
2353_test,9.2506695
2354_test,825.75745
2355_test,16.66558
2356_test,71.94319
2357_test,139.2531
2358_test,21.51077
2359_test,4.789646
2360_test,10.807305
2361_test,17.869642
2362_test,4.7371836
2363_test,8.249633
2364_test,16.553154
2365_test,8.880224
2366_test,4.995121
2367_test,9.189732
2368_test,5.7796054
2369_test,6.805171
2370_test,187.60689
2371_test,5.974622
2372_test,22.91078
2373_test,20.346657
2374_test,21.065153
2375_test,8.862081
2376_test,17.308008
2377_test,6.94621
2378_test,22.451647
2379_test,5.125639
2380_test,5.1254244
2381_test,21.932062
2382_test,6.75335
2383_test,20.487207
2384_test,7.318629
2385_test,56.31635
2386_test,331.54346
2387_test,10.248578
2388_test,6.050343
2389_test,5.232883
2390_test,20.371195
2391_test,7.1780505
2392_test,5.316662
2393_test,7.3592634
2394_test,5.9248323
2395_test,14.937665
2396_test,4.72629
2397_test,6.9487495
2398_test,27.93405
2399_test,21.610628
2400_test,5.4642572
2401_test,7.2325544
2402_test,6.250842
2403_test,44.234074
2404_test,8.069594
2405_test,221.92046
2406_test,8.31283
2407_test,6.3314457
2408_test,7.1780505
2409_test,6.471837
2410_test,4.1842184
2411_test,7.1780505
2412_test,13.57903
2413_test,37.134163
2414_test,8.896226
2415_test,8.30971
2416_test,13.376004
2417_test,27.467419
2418_test,8.976978
2419_test,7.1957192
2420_test,5.8558908
2421_test,6.907694
2422_test,125.051186
2423_test,5.1025796
2424_test,4.840669
2425_test,6.555913
2426_test,9.2506695
2427_test,4.840669
2428_test,15.677848
2429_test,6.1923447
2430_test,8.160275
2431_test,7.174323
2432_test,8.14718
2433_test,16.279434
2434_test,7.3592634
2435_test,16.82403
2436_test,21.392488
2437_test,15.234762
2438_test,21.000347
2439_test,13.527274
2440_test,32.27218
2441_test,4.777334
2442_test,17.651342
2443_test,5.787734
2444_test,24.130686
2445_test,16.74489
2446_test,13.463169
2447_test,152.33783
2448_test,25.961895
2449_test,6.471837
2450_test,8.640668
2451_test,7.5373044
2452_test,8.862081
2453_test,9.488542
2454_test,66.239815
2455_test,7.775563
2456_test,11.697595
2457_test,5.9929795
2458_test,6.9487495
2459_test,8.911672
2460_test,4.1842184
2461_test,173.36246
2462_test,16.04019
2463_test,8.823225
2464_test,5.1833467
2465_test,39.51556
2466_test,15.234762
2467_test,3.9235427
2468_test,61.384274
2469_test,5.129563
2470_test,5.844265
2471_test,8.31283
2472_test,5.1819983
2473_test,50.045277
2474_test,9.297793
2475_test,7.2901163
2476_test,9.793441
2477_test,9.598016
2478_test,5.272351
2479_test,8.823225
2480_test,8.310455
2481_test,5.2744627
2482_test,10.521359
2483_test,19.831938
2484_test,53.207672
2485_test,6.523654
2486_test,24.199938
2487_test,4.181392
2488_test,6.2628984
2489_test,5.073098
2490_test,49.41363
2491_test,11.312189
2492_test,17.39708
2493_test,15.38382
2494_test,21.065153
2495_test,6.050343
2496_test,7.8976054
2497_test,9.2506695
2498_test,11.769149
2499_test,5.146733
2500_test,4.995121
2501_test,7.8163867
2502_test,6.120102
2503_test,7.684857
2504_test,12.40956
2505_test,7.1780505
2506_test,10.643178
2507_test,73.259315
2508_test,21.51077
2509_test,21.51077
2510_test,4.669844
2511_test,18.29676
2512_test,17.4161
2513_test,7.314494
2514_test,7.817199
2515_test,26.57049
2516_test,6.3942943
2517_test,21.000347
2518_test,21.475637
2519_test,25.719606
2520_test,10.804286
2521_test,7.500724
2522_test,5.442453
2523_test,5.296015
2524_test,24.262182
2525_test,5.7274766
2526_test,13.123653
2527_test,4.454197
2528_test,18.50213
2529_test,4.154049
2530_test,48.876118
2531_test,10.09674
2532_test,33.436085
2533_test,8.455414
2534_test,11.826464
2535_test,8.17138
2536_test,8.371748
2537_test,7.3592634
2538_test,208.87953
2539_test,24.262182
2540_test,21.000347
2541_test,65.270744
2542_test,21.932062
2543_test,20.294365
2544_test,5.186052
2545_test,16.162334
2546_test,7.5614257
2547_test,5.2692423
2548_test,10.153051
2549_test,20.487207
2550_test,7.222185
2551_test,10.91112
2552_test,10.39953
2553_test,186.2197
2554_test,8.3757105
2555_test,21.000347
2556_test,19.066187
2557_test,67.77949
2558_test,6.1411276
2559_test,8.221545
2560_test,313.61703
2561_test,8.136979
2562_test,31.05943
2563_test,8.115276
2564_test,7.174323
2565_test,5.2404647
2566_test,4.777334
2567_test,17.4161
2568_test,7.64322
2569_test,5.1819983
2570_test,6.907694
2571_test,4.154049
2572_test,7.7984805
2573_test,5.5514994
2574_test,12.208066
2575_test,7.59889
2576_test,8.896226
2577_test,16.04019
2578_test,7.59889
2579_test,6.858569
2580_test,21.000347
2581_test,14.113372
2582_test,710.476
2583_test,19.22842
2584_test,7.174323
2585_test,14.310735
2586_test,8.56697
2587_test,5.4438086
2588_test,5.2692423
2589_test,8.640668
2590_test,50.055317
2591_test,33.764084
2592_test,8.409728
2593_test,12.010589
2594_test,10.361482
2595_test,5.81299
2596_test,7.127783
2597_test,33.764084
2598_test,9.2506695
2599_test,14.937665
2600_test,10.344627
2601_test,8.263597
2602_test,9.103104
2603_test,7.0805635
2604_test,4.7953315
2605_test,80.24054
2606_test,5.4293776
2607_test,13.2034855
2608_test,7.7984805
2609_test,7.937096
2610_test,21.000347
2611_test,8.976978
2612_test,477.7373
2613_test,58.16611
2614_test,11.562079
2615_test,20.128365
2616_test,4.834375
2617_test,15.1018915
2618_test,11.355497
2619_test,5.420813
2620_test,5.545671
2621_test,5.636122
2622_test,22.002783
2623_test,4.84134
2624_test,18.883924
2625_test,4.454197
2626_test,86.845024
2627_test,11.653933
2628_test,4.3655005
2629_test,8.862081
2630_test,5.07034
2631_test,19.786171
2632_test,38.40037
2633_test,21.51077
2634_test,7.385524
2635_test,16.162334
2636_test,8.823225
2637_test,8.31283
2638_test,7.7984805
2639_test,24.262182
2640_test,7.385524
2641_test,5.617818
2642_test,9.891948
2643_test,5.5309467
2644_test,27.777748
2645_test,21.51077
2646_test,4.84134
2647_test,17.207262
2648_test,5.4050922
2649_test,4.154049
2650_test,44.419224
2651_test,5.4438086
2652_test,5.974622
2653_test,7.1780505
2654_test,8.911672
2655_test,4.648983
2656_test,5.80641
2657_test,9.150512
2658_test,4.181392
2659_test,76.59251
2660_test,11.549427
2661_test,5.4050922
2662_test,21.205236
2663_test,6.0919943
2664_test,5.90152
2665_test,5.356885
2666_test,22.557
2667_test,10.712631
2668_test,11.25025
2669_test,9.94719
2670_test,231.82718
2671_test,8.18325
2672_test,6.858569
2673_test,9.297793
2674_test,49.264988
2675_test,4.927981
2676_test,10.861922
2677_test,11.052799
2678_test,6.389854
2679_test,7.2901163
2680_test,5.392851
2681_test,5.80641
2682_test,8.571654
2683_test,20.856533
2684_test,127.33014
2685_test,19.218958
2686_test,21.000347
2687_test,4.7593117
2688_test,5.125639
2689_test,40.795506
2690_test,10.99041
2691_test,10.39953
2692_test,4.214364
2693_test,7.937096
2694_test,5.757757
2695_test,4.181392
2696_test,19.22842
2697_test,28.583216
2698_test,8.888612
2699_test,5.2985797
2700_test,50.95837
2701_test,7.7984805
2702_test,5.765243
2703_test,12.413236
2704_test,6.5348334
2705_test,16.323402
2706_test,6.273057
2707_test,17.238306
2708_test,8.31283
2709_test,8.198968
2710_test,7.582802
2711_test,4.154049
2712_test,8.17138
2713_test,5.7796054
2714_test,7.698032
2715_test,18.505907
2716_test,21.065153
2717_test,7.0805635
2718_test,19.786171
2719_test,345.23615
2720_test,44.181847
2721_test,103.33646
2722_test,7.174323
2723_test,5.80641
2724_test,71.94319
2725_test,4.154049
2726_test,27.475271
2727_test,11.826464
2728_test,8.823225
2729_test,4.858762
2730_test,199.22992
2731_test,5.7291555
2732_test,9.284989
2733_test,9.297793
2734_test,295.28662
2735_test,20.487207
2736_test,10.749395
2737_test,6.1928997
2738_test,26.899721
2739_test,44.58201
2740_test,5.4438086
2741_test,7.499787
2742_test,21.932062
2743_test,11.9444685
2744_test,17.4161
2745_test,7.3764567
2746_test,5.6703005
2747_test,6.858569
2748_test,15.33652
2749_test,9.899297
2750_test,147.31398
2751_test,6.471837
2752_test,10.677734
2753_test,15.129426
2754_test,10.988099
2755_test,4.3655005
2756_test,6.3057313
2757_test,9.2506695
2758_test,6.864633
2759_test,9.94719
2760_test,8.862081
2761_test,16.171587
2762_test,6.5644135
2763_test,4.669844
2764_test,60.61381
2765_test,38.7679
2766_test,6.250842
2767_test,366.42685
2768_test,6.907694
2769_test,44.46504
2770_test,6.471837
2771_test,8.065878
2772_test,5.0727477
2773_test,10.405322
2774_test,4.9091835
2775_test,5.7470226
2776_test,20.371195
2777_test,7.973012
2778_test,9.526888
2779_test,8.455414
2780_test,5.545671
2781_test,16.04019
2782_test,79.52231
2783_test,8.823225
2784_test,10.39953
2785_test,13.463169
2786_test,14.786208
2787_test,8.115276
2788_test,9.297793
2789_test,10.643178
2790_test,5.2985797
2791_test,8.583571
2792_test,14.287195
2793_test,25.739965
2794_test,9.2506695
2795_test,9.398152
2796_test,6.5348334
2797_test,16.162334
2798_test,21.910961
2799_test,6.0680676
2800_test,5.545671
2801_test,8.459851
2802_test,8.56697
2803_test,6.9423285
2804_test,298.00424
2805_test,7.803397
2806_test,6.858569
2807_test,19.218958
2808_test,27.93405
2809_test,9.598016
2810_test,8.862081
2811_test,26.57049
2812_test,36.81718
2813_test,8.976978
2814_test,17.207262
2815_test,41.562664
2816_test,10.712631
2817_test,21.065153
2818_test,21.51077
2819_test,41.678196
2820_test,10.009072
2821_test,33.439396
2822_test,8.976784
2823_test,9.896858
2824_test,5.866242
2825_test,24.262182
2826_test,13.217649
2827_test,19.786171
2828_test,6.858569
2829_test,9.94719
2830_test,5.475157
2831_test,4.9170284
2832_test,12.875623
2833_test,11.487527
2834_test,7.0805635
2835_test,39.190823
2836_test,5.960388
2837_test,5.636122
2838_test,8.34574
2839_test,4.5105667
2840_test,4.3655005
2841_test,186.2197
2842_test,7.0805635
2843_test,60.39875
2844_test,21.281796
2845_test,17.945654
2846_test,24.262182
2847_test,19.22842
2848_test,8.070732
2849_test,35.233925
2850_test,8.583571
2851_test,234.67142
2852_test,10.215735
2853_test,14.310735
2854_test,13.491147
2855_test,5.146733
2856_test,6.9487495
2857_test,19.786171
2858_test,8.823225
2859_test,20.294365
2860_test,452.56854
2861_test,10.926679
2862_test,6.858569
2863_test,5.7796054
2864_test,4.669844
2865_test,9.580387
2866_test,17.945654
2867_test,6.273804
2868_test,8.519167
2869_test,7.385524
2870_test,8.862081
2871_test,8.976784
2872_test,10.92795
2873_test,7.192938
2874_test,6.2440524
2875_test,7.0131507
2876_test,57.113583
2877_test,31.845167
2878_test,8.640668
2879_test,9.297793
2880_test,4.669101
2881_test,9.598016
2882_test,189.76666
2883_test,45.689983
2884_test,6.805171
2885_test,5.545671
2886_test,22.403881
2887_test,6.1411276
2888_test,7.314494
2889_test,20.347277
2890_test,11.856935
2891_test,17.4161
2892_test,8.494397
2893_test,10.97184
2894_test,22.91078
2895_test,6.055912
2896_test,51.963352
2897_test,8.666345
2898_test,7.7133904
2899_test,191.01988
2900_test,6.389854
2901_test,11.369864
2902_test,16.82403
2903_test,32.752865
2904_test,10.712631
2905_test,8.751169
2906_test,8.583571
2907_test,9.297793
2908_test,17.4161
2909_test,120.81011
2910_test,4.669844
2911_test,8.31283
2912_test,5.2985797
2913_test,9.842301
2914_test,33.764084
2915_test,20.294365
2916_test,6.2921047
2917_test,29.415241
2918_test,7.7984805
2919_test,37.424736
2920_test,5.1043506
2921_test,7.499787
2922_test,4.748509
2923_test,62.766724
2924_test,11.826464
2925_test,16.646452
2926_test,5.7796054
2927_test,8.888612
2928_test,12.110217
2929_test,8.571654
2930_test,8.544415
2931_test,8.129664
2932_test,15.129426
2933_test,4.72629
2934_test,7.499787
2935_test,11.863334
2936_test,6.1928997
2937_test,5.146733
2938_test,56.066578
2939_test,79.54577
2940_test,8.98441
2941_test,7.7984805
2942_test,12.760564
2943_test,6.130953
2944_test,8.583571
2945_test,7.4127064
2946_test,8.34574
2947_test,16.01144
2948_test,8.27162
2949_test,4.3655005
2950_test,51.963352
2951_test,7.502551
2952_test,5.636122
2953_test,60.39875
2954_test,24.262182
2955_test,26.125872
2956_test,6.386256
2957_test,7.054619
2958_test,6.907694
2959_test,21.205236
2960_test,123.20071
2961_test,7.1780505
2962_test,5.6771135
2963_test,525.59296
2964_test,7.582802
2965_test,13.29292
2966_test,8.640668
2967_test,50.045277
2968_test,25.083967
2969_test,4.609932
2970_test,27.777748
2971_test,5.545671
2972_test,7.646816
2973_test,8.539306
2974_test,7.646816
2975_test,14.803678
2976_test,7.1780505
2977_test,21.932062
2978_test,5.2985797
2979_test,10.163438
2980_test,10.361482
2981_test,20.294365
2982_test,9.297793
2983_test,36.418396
2984_test,13.651387
2985_test,8.160275
2986_test,8.31283
2987_test,7.1780505
2988_test,5.6771135
2989_test,5.442453
2990_test,31.701017
2991_test,9.139959
2992_test,26.75664
2993_test,7.3764567
2994_test,7.5131345
2995_test,8.823225
2996_test,23.698942
2997_test,20.371195
2998_test,7.7984805
2999_test,22.89773
3000_test,21.392488
3001_test,6.864633
3002_test,148.43758
3003_test,6.141036
3004_test,83.372856
3005_test,7.8976054
3006_test,4.3655005
3007_test,8.823225
3008_test,49.54954
3009_test,150.58943
3010_test,21.51077
3011_test,18.403368
3012_test,5.974622
3013_test,7.2325544
3014_test,4.281284
3015_test,4.880831
3016_test,6.7008543
3017_test,8.640668
3018_test,26.125872
3019_test,425.46506
3020_test,9.297793
3021_test,7.1780505
3022_test,7.0272646
3023_test,6.471837
3024_test,8.640668
3025_test,19.051447
3026_test,5.5416837
3027_test,20.294365
3028_test,5.290217
3029_test,24.262182
3030_test,5.6703005
3031_test,12.727376
3032_test,8.823225
3033_test,6.2921047
3034_test,20.82131
3035_test,10.511633
3036_test,8.976978
3037_test,60.150394
3038_test,21.065153
3039_test,9.297793
3040_test,4.748509
3041_test,11.236705
3042_test,4.454197
3043_test,8.494397
3044_test,8.888612
3045_test,7.1780505
3046_test,21.614578
3047_test,8.880224
3048_test,26.179047
3049_test,7.054619
3050_test,17.681652
3051_test,4.154049
3052_test,17.39708
3053_test,5.80641
3054_test,11.83019
3055_test,27.453842
3056_test,4.743944
3057_test,6.805171
3058_test,5.636122
3059_test,21.833979
3060_test,7.054619
3061_test,37.959824
3062_test,7.8163867
3063_test,66.80534
3064_test,6.3942943
3065_test,11.649447
3066_test,8.583571
3067_test,19.040087
3068_test,5.757757
3069_test,7.377494
3070_test,7.756756
3071_test,62.006813
3072_test,16.162334
3073_test,7.1780505
3074_test,4.154049
3075_test,6.858569
3076_test,9.297793
3077_test,18.113136
3078_test,5.3836803
3079_test,5.608058
3080_test,56.066578
3081_test,21.065153
3082_test,5.7796054
3083_test,7.973012
3084_test,6.5223875
3085_test,5.2404647
3086_test,8.539306
3087_test,19.183935
3088_test,39.51556
3089_test,6.8706126
3090_test,26.706314
3091_test,5.450926
3092_test,14.287195
3093_test,13.527274
3094_test,10.988099
3095_test,5.2026567
3096_test,13.491147
3097_test,9.2506695
3098_test,4.9091835
3099_test,9.261714
3100_test,467.98416
3101_test,8.293022
3102_test,10.344627
3103_test,6.3430657
3104_test,9.805482
3105_test,8.31402
3106_test,8.862081
3107_test,5.577197
3108_test,19.22842
3109_test,6.210535
3110_test,8.494397
3111_test,6.3057313
3112_test,12.598501
3113_test,27.695837
3114_test,21.000347
3115_test,4.154049
3116_test,7.075429
3117_test,6.604248
3118_test,9.297793
3119_test,7.9213448
3120_test,21.000347
3121_test,4.9170284
3122_test,11.649447
3123_test,22.002783
3124_test,13.249066
3125_test,20.371195
3126_test,4.5105667
3127_test,7.314494
3128_test,14.937665
3129_test,8.8560915
3130_test,9.411231
3131_test,9.297793
3132_test,4.7824736
3133_test,8.191157
3134_test,5.636122
3135_test,10.765904
3136_test,7.7133904
3137_test,4.181392
3138_test,8.31283
3139_test,7.1061106
3140_test,19.786171
3141_test,8.494397
3142_test,6.2326946
3143_test,7.1957192
3144_test,19.458796
3145_test,8.363773
3146_test,4.995121
3147_test,50.055317
3148_test,4.946916
3149_test,6.6539927
3150_test,4.7371836
3151_test,21.51077
3152_test,5.935146
3153_test,5.765243
3154_test,43.011173
3155_test,4.609932
3156_test,25.735506
3157_test,4.821098
3158_test,16.162334
3159_test,55.893543
3160_test,50.540398
3161_test,8.287894
3162_test,21.932062
3163_test,16.247637
3164_test,8.550089
3165_test,22.403881
3166_test,28.732054
3167_test,7.59889
3168_test,8.31283
3169_test,21.51077
3170_test,10.08285
3171_test,9.309159
3172_test,10.442029
3173_test,7.0805635
3174_test,21.065153
3175_test,8.314039
3176_test,8.129664
3177_test,17.4161
3178_test,7.1957192
3179_test,7.7984805
3180_test,6.950861
3181_test,24.262182
3182_test,18.966066
3183_test,4.9170284
3184_test,5.2026567
3185_test,19.22842
3186_test,4.9852643
3187_test,13.491147
3188_test,6.3942943
3189_test,37.424736
3190_test,97.90261
3191_test,6.4158187
3192_test,10.903388
3193_test,6.805171
3194_test,36.81718
3195_test,16.162334
3196_test,10.712631
3197_test,8.823225
3198_test,8.583571
3199_test,7.2305255
3200_test,309.43546
3201_test,7.863855
3202_test,7.3677206
3203_test,8.823225
3204_test,16.162334
3205_test,152.33783
3206_test,5.6703005
3207_test,19.922703
3208_test,9.297793
3209_test,17.651342
3210_test,7.59889
3211_test,4.840669
3212_test,8.31283
3213_test,6.3942943
3214_test,7.0805635
3215_test,5.2404647
3216_test,15.910371
3217_test,9.896858
3218_test,6.5223875
3219_test,8.286873
3220_test,8.455414
3221_test,20.121363
3222_test,44.58201
3223_test,21.932062
3224_test,7.174323
3225_test,8.855356
3226_test,8.823225
3227_test,5.475157
3228_test,6.568777
3229_test,20.371195
3230_test,5.545671
3231_test,13.527274
3232_test,4.154049
3233_test,201.41045
3234_test,8.249633
3235_test,7.7984805
3236_test,11.369864
3237_test,9.55412
3238_test,5.175952
3239_test,19.786171
3240_test,10.215735
3241_test,9.297793
3242_test,20.371195
3243_test,19.22842
3244_test,6.454965
3245_test,5.2985797
3246_test,21.29838
3247_test,22.448652
3248_test,7.192938
3249_test,13.724881
3250_test,9.806145
3251_test,12.598501
3252_test,10.91112
3253_test,8.468807
3254_test,5.7796054
3255_test,5.3836803
3256_test,7.5122657
3257_test,7.1780505
3258_test,20.371195
3259_test,4.154049
3260_test,21.697718
3261_test,26.684252
3262_test,5.757757
3263_test,18.113136
3264_test,7.5122657
3265_test,6.273804
3266_test,8.164535
3267_test,22.89773
3268_test,115.85964
3269_test,8.249633
3270_test,295.28662
3271_test,10.765904
3272_test,47.038536
3273_test,8.896226
3274_test,8.249633
3275_test,8.129664
3276_test,12.332003
3277_test,7.7133904
3278_test,8.640668
3279_test,8.862081
3280_test,6.9487495
3281_test,19.22842
3282_test,4.1842184
3283_test,9.842301
3284_test,6.5348334
3285_test,22.351515
3286_test,6.077371
3287_test,31.29101
3288_test,7.3790045
3289_test,19.22842
3290_test,7.2325544
3291_test,4.648983
3292_test,224.92915
3293_test,10.988099
3294_test,8.310455
3295_test,37.58172
3296_test,8.725663
3297_test,7.5614257
3298_test,22.002783
3299_test,8.550089
3300_test,7.127783
3301_test,23.470657
3302_test,26.98124
3303_test,5.2985797
3304_test,6.822121
3305_test,9.297793
3306_test,7.174323
3307_test,8.823225
3308_test,6.858569
3309_test,4.946916
3310_test,4.9170284
3311_test,6.907694
3312_test,4.9693165
3313_test,7.5122657
3314_test,8.640668
3315_test,122.69384
3316_test,37.954803
3317_test,7.472096
3318_test,6.471837
3319_test,16.66558
3320_test,6.2082596
3321_test,11.232949
3322_test,25.884834
3323_test,8.888612
3324_test,4.7593117
3325_test,20.303673
3326_test,9.806145
3327_test,16.439562
3328_test,42.68694
3329_test,127.91166
3330_test,5.742873
3331_test,38.236736
3332_test,13.812007
3333_test,8.976784
3334_test,28.620295
3335_test,4.7371836
3336_test,10.153051
3337_test,22.91078
3338_test,54.334507
3339_test,10.988099
3340_test,5.125639
3341_test,7.0805635
3342_test,9.297793
3343_test,17.512388
3344_test,13.990436
3345_test,4.9997234
3346_test,5.935146
3347_test,16.162334
3348_test,36.61131
3349_test,4.9170284
3350_test,4.1842184
3351_test,13.334103
3352_test,4.154049
3353_test,5.1819983
3354_test,4.995121
3355_test,4.669844
3356_test,20.635912
3357_test,10.749395
3358_test,9.422259
3359_test,10.97184
3360_test,21.205236
3361_test,21.000347
3362_test,7.7133904
3363_test,21.065153
3364_test,10.736135
3365_test,17.39708
3366_test,8.164535
3367_test,8.41692
3368_test,19.786171
3369_test,9.993043
3370_test,8.310455
3371_test,8.31283
3372_test,6.918929
3373_test,8.823225
3374_test,46.776
3375_test,8.146552
3376_test,5.475157
3377_test,6.530175
3378_test,389.48804
3379_test,13.101409
3380_test,237.40025
3381_test,9.733031
3382_test,6.1411276
3383_test,5.3836803
3384_test,21.51077
3385_test,6.0076246
3386_test,19.380621
3387_test,5.7274766
3388_test,8.31283
3389_test,20.371195
3390_test,7.502551
3391_test,36.81718
3392_test,161.66356
3393_test,8.115276
3394_test,5.641157
3395_test,21.000347
3396_test,22.002783
3397_test,20.982286
3398_test,36.81718
3399_test,5.2404647
3400_test,8.452105
3401_test,9.150512
3402_test,13.57903
3403_test,4.435836
3404_test,6.808159
3405_test,25.534847
3406_test,9.297793
3407_test,6.3942943
3408_test,7.5122657
3409_test,40.881
3410_test,4.669844
3411_test,8.123172
3412_test,9.540528
3413_test,6.858569
3414_test,5.545671
3415_test,20.735497
3416_test,6.454965
3417_test,4.454197
3418_test,15.672878
3419_test,8.976978
3420_test,6.5223875
3421_test,4.9015646
3422_test,11.485674
3423_test,26.899721
3424_test,8.455414
3425_test,7.2305255
3426_test,9.297793
3427_test,8.823225
3428_test,21.507776
3429_test,10.807305
3430_test,11.236705
3431_test,16.600843
3432_test,4.9170284
3433_test,7.1780505
3434_test,8.823225
3435_test,11.738801
3436_test,7.4194126
3437_test,14.247259
3438_test,4.840669
3439_test,18.113136
3440_test,51.564533
3441_test,4.858762
3442_test,6.907694
3443_test,7.5122657
3444_test,4.9170284
3445_test,21.51077
3446_test,8.996766
3447_test,17.61502
3448_test,8.976978
3449_test,13.101409
3450_test,8.976978
3451_test,8.31283
3452_test,8.911672
3453_test,6.5223875
3454_test,19.22842
3455_test,10.169919
3456_test,37.21909
3457_test,7.3677206
3458_test,39.728912
3459_test,4.5105667
3460_test,6.8728514
3461_test,6.273804
3462_test,5.5509653
3463_test,20.612436
3464_test,208.13506
3465_test,12.124841
3466_test,9.072749
3467_test,8.865518
3468_test,7.7984805
3469_test,6.907694
3470_test,8.862081
3471_test,7.2325544
3472_test,7.9097404
3473_test,29.941946
3474_test,5.6834364
3475_test,8.888612
3476_test,4.7371836
3477_test,63.312477
3478_test,15.893774
3479_test,8.888612
3480_test,21.065153
3481_test,5.636122
3482_test,29.799513
3483_test,6.107708
3484_test,9.411231
3485_test,4.9852643
3486_test,8.31283
3487_test,15.38382
3488_test,6.2440524
3489_test,8.911672
3490_test,8.862081
3491_test,7.5206633
3492_test,15.528274
3493_test,18.50213
3494_test,21.065153
3495_test,57.385273
3496_test,11.175828
3497_test,21.51077
3498_test,4.748509
3499_test,9.297793
3500_test,4.669844
3501_test,6.40199
3502_test,9.297793
3503_test,24.262182
3504_test,4.7371836
3505_test,11.837517
3506_test,15.629313
3507_test,7.174323
3508_test,44.58201
3509_test,19.786171
3510_test,7.3373995
3511_test,7.5053043
3512_test,19.786171
3513_test,6.250842
3514_test,329.03183
3515_test,9.2506695
3516_test,4.454197
3517_test,5.742873
3518_test,6.250842
3519_test,16.74489
3520_test,28.583216
3521_test,10.903388
3522_test,9.993043
3523_test,10.215735
3524_test,11.544854
3525_test,13.166683
3526_test,18.50213
3527_test,9.479177
3528_test,6.989358
3529_test,19.22842
3530_test,17.178942
3531_test,6.0076246
3532_test,127.20786
3533_test,9.297793
3534_test,62.006813
3535_test,5.636122
3536_test,14.689071
3537_test,5.81299
3538_test,6.616208
3539_test,9.2506695
3540_test,26.107195
3541_test,20.294365
3542_test,21.065153
3543_test,7.7133904
3544_test,42.66614
3545_test,21.065153
3546_test,21.205236
3547_test,5.545671
3548_test,8.515201
3549_test,7.046294
3550_test,4.813214
3551_test,5.3836803
3552_test,7.7984805
3553_test,5.1043506
3554_test,16.963028
3555_test,14.083371
3556_test,4.3655005
3557_test,24.262182
3558_test,4.669844
3559_test,170.05211
3560_test,7.385524
3561_test,5.512768
3562_test,7.127783
3563_test,7.2901163
3564_test,5.5266476
3565_test,4.3655005
3566_test,5.7796054
3567_test,21.000347
3568_test,7.923553
3569_test,19.380621
3570_test,7.5526695
3571_test,8.249633
3572_test,76.59251
3573_test,7.3764567
3574_test,7.1780505
3575_test,5.636122
3576_test,8.583571
3577_test,7.937096
3578_test,8.571654
3579_test,5.0727477
3580_test,21.29838
3581_test,5.9383206
3582_test,222.48987
3583_test,5.213867
3584_test,8.823225
3585_test,14.60817
3586_test,11.826464
3587_test,9.297793
3588_test,21.065153
3589_test,9.855415
3590_test,9.380417
3591_test,8.41692
3592_test,9.411231
3593_test,8.221545
3594_test,7.7133904
3595_test,31.05943
3596_test,16.162334
3597_test,8.823225
3598_test,19.786171
3599_test,6.471837
3600_test,22.159376
3601_test,7.472096
3602_test,5.545671
3603_test,7.3677206
3604_test,7.0633507
3605_test,9.94719
3606_test,7.1780505
3607_test,18.0176
3608_test,60.39875
3609_test,8.640668
3610_test,11.826464
3611_test,7.7133904
3612_test,17.4161
3613_test,5.584527
3614_test,27.878517
3615_test,7.385524
3616_test,7.3677206
3617_test,7.1780505
3618_test,5.6703005
3619_test,4.858762
3620_test,9.803798
3621_test,9.297793
3622_test,26.899721
3623_test,8.976978
3624_test,4.669101
3625_test,25.650858
3626_test,13.101409
3627_test,4.4294357
3628_test,9.94719
3629_test,8.640668
3630_test,9.2506695
3631_test,15.094691
3632_test,8.911672
3633_test,11.056586
3634_test,7.1957192
3635_test,13.808229
3636_test,20.934525
3637_test,8.754014
3638_test,8.459851
3639_test,7.59889
3640_test,16.69753
3641_test,6.273804
3642_test,9.056923
3643_test,7.1780505
3644_test,20.371195
3645_test,10.903388
3646_test,38.58396
3647_test,50.045277
3648_test,5.9248323
3649_test,8.129664
3650_test,8.147834
3651_test,5.636122
3652_test,18.505907
3653_test,13.279109
3654_test,21.392488
3655_test,7.174323
3656_test,5.109086
3657_test,76.59251
3658_test,5.2525306
3659_test,345.23615
3660_test,208.87953
3661_test,23.502443
3662_test,36.61131
3663_test,23.470657
3664_test,5.475157
3665_test,42.486073
3666_test,16.443926
3667_test,53.799656
3668_test,7.1957192
3669_test,9.067157
3670_test,8.136569
